,,,,,,,,,,,
,,,,,,,,,,,
Row Labels,Min of PREV.READING,Max of CURRENTREADING,Sum of TOTALKM,,,,,,,,AAA
203,805,891,86,,203,805,891,86,,86,0
579352,600,690,90,,579352,600,690,90,,90,0
581332,701,779,78,,581332,701,779,78,,78,0
582804,650,734,159,,582804,650,734,159,,84,75
CAN,0,0,0,,CAN,0,0,0,,0,0
HYUNDAI-IFM,0,0,0,,HYUNDAI-IFM,0,0,0,,0,0
KA25AA1641,230249,233878,3629,,KA25AA1641,230249,233878,3629,,3629,0
KA25AA1642,291040,295659,4619,,KA25AA1642,291040,295659,4619,,4619,0
KA25AA1643,263913,266120,2207,,KA25AA1643,263913,266120,2207,,2207,0
KA25AA1644,209375,211927,2552,,KA25AA1644,209375,211927,2552,,2552,0
KA25AA1645,357959,361185,3226,,KA25AA1645,357959,361185,3226,,3226,0
KA25AA1646,305693,311645,5952,,KA25AA1646,305693,311645,5952,,5952,0
KA25AA1647,125960,132145,6185,,KA25AA1647,125960,132145,6185,,6185,0
KA25AA1648,61607,64100,2493,,KA25AA1648,61607,64100,2493,,2493,0
KA25AA1649,309675,312740,3065,,KA25AA1649,309675,312740,3065,,3065,0
KA25AA1650,242814,247686,4872,,KA25AA1650,242814,247686,4872,,4872,0
KA25AA1651,109367,111703,2336,,KA25AA1651,109367,111703,2336,,2336,0
KA25AA1756,305743,307675,1932,,KA25AA1756,305743,307675,1932,,1932,0
KA25AA1757,515770,516697,927,,KA25AA1757,515770,516697,927,,927,0
KA25AA7672,135135,136793,1658,,KA25AA7672,135135,136793,1658,,1658,0
KA25AA7674,320804,323294,2490,,KA25AA7674,320804,323294,2490,,2490,0
KA25AB7980,116763,121289,4526,,KA25AB7980,116763,121289,4526,,4526,0
KA25AB7981,128260,131023,2763,,KA25AB7981,128260,131023,2763,,2763,0
KA25AB7982,136665,139189,2524,,KA25AB7982,136665,139189,2524,,2524,0
KA25AB7983,132319,136606,4287,,KA25AB7983,132319,136606,4287,,4287,0
KA25AB7984,143891,148256,4365,,KA25AB7984,143891,148256,4365,,4365,0
KA25AB7985,115729,119767,4038,,KA25AB7985,115729,119767,4038,,4038,0
KA25AB7986,119589,123767,4178,,KA25AB7986,119589,123767,4178,,4178,0
KA25AB7987,141097,144779,3682,,KA25AB7987,141097,144779,3682,,3682,0
KA25AB7988,139010,143839,4829,,KA25AB7988,139010,143839,4829,,4829,0
KA25AB7989,131935,136658,4723,,KA25AB7989,131935,136658,4723,,4723,0
KA25AC0057,90384,97487,7103,,KA25AC0057,90384,97487,7103,,7103,0
KA25AC0058,105683,109053,3370,,KA25AC0058,105683,109053,3370,,3370,0
KA25AC0452,113760,119135,5375,,KA25AC0452,113760,119135,5375,,5375,0
KA25AC0453,75395,82489,7094,,KA25AC0453,75395,82489,7094,,7094,0
KA25AC3423,11153,13504,2351,,KA25AC3423,11153,13504,2351,,2351,0
MH04MH3731,47602,51949,4347,,MH04MH3731,47602,51949,4347,,4347,0
MH04MH3732,21725,23806,2081,,MH04MH3732,21725,23806,2081,,2081,0
MH04MH3734,24204,26043,1839,,MH04MH3734,24204,26043,1839,,1839,0
MH04MH3735,23246,24706,1460,,MH04MH3735,23246,24706,1460,,1460,0
MH04MH3736,31403,33226,1823,,MH04MH3736,31403,33226,1823,,1823,0
MH04MH3740,37897,39470,1573,,MH04MH3740,37897,39470,1573,,1573,0
MH04MH3741,21254,22712,1458,,MH04MH3741,21254,22712,1458,,1458,0
MH04MH3742,34740,39763,5023,,MH04MH3742,34740,39763,5023,,5023,0
MH04MH4081,40504,43382,2878,,MH04MH4081,40504,43382,2878,,2878,0
MH04MH4719,37645,39869,2224,,MH04MH4719,37645,39869,2224,,2224,0
MH04MH4720,31695,33123,1428,,MH04MH4720,31695,33123,1428,,1428,0
MH04MH4721,32346,34457,2111,,MH04MH4721,32346,34457,2111,,2111,0
MH04MH4722,32926,35102,2176,,MH04MH4722,32926,35102,2176,,2176,0
MH04MH4723,26631,28411,1780,,MH04MH4723,26631,28411,1780,,1780,0
MH04MH4724,30813,32063,1250,,MH04MH4724,30813,32063,1250,,1250,0
MH04MH4725,14044,15271,1227,,MH04MH4725,14044,15271,1227,,1227,0
MH04MH5107,28571,30190,1619,,MH04MH5107,28571,30190,1619,,1619,0
MH04MH5108,38168,40059,1891,,MH04MH5108,38168,40059,1891,,1891,0
MH04MH5287,42174,46083,3909,,MH04MH5287,42174,46083,3909,,3909,0
MH04MH5288,27334,29494,2160,,MH04MH5288,27334,29494,2160,,2160,0
MH04MH5289,27443,30112,2669,,MH04MH5289,27443,30112,2669,,2669,0
MH04MH5376,16402,18437,2035,,MH04MH5376,16402,18437,2035,,2035,0
MH04MH5570,24663,25541,878,,MH04MH5570,24663,25541,878,,878,0
MH04MH5572,30598,32212,1614,,MH04MH5572,30598,32212,1614,,1614,0
MH04MH5573,31654,33824,2170,,MH04MH5573,31654,33824,2170,,2170,0
MH04MH5664,38314,41075,2761,,MH04MH5664,38314,41075,2761,,2761,0
MH04MH5667,34074,36505,2431,,MH04MH5667,34074,36505,2431,,2431,0
MH04MH6301,24095,26450,2355,,MH04MH6301,24095,26450,2355,,2355,0
MH04MH6304,22000,23363,1363,,MH04MH6304,22000,23363,1363,,1363,0
MH04MH6306,30148,32213,2065,,MH04MH6306,30148,32213,2065,,2065,0
MH04MH6307,35147,38054,2907,,MH04MH6307,35147,38054,2907,,2907,0
MH04MH6308,31957,34000,2043,,MH04MH6308,31957,34000,2043,,2043,0
MH04MH6309,30948,33585,2637,,MH04MH6309,30948,33585,2637,,2637,0
MH04MH6311,28418,30599,2181,,MH04MH6311,28418,30599,2181,,2181,0
MH04MH6313,46300,50928,4628,,MH04MH6313,46300,50928,4628,,4628,0
MH04MH6315,28674,30751,2077,,MH04MH6315,28674,30751,2077,,2077,0
MH04MH6316,8610,9175,565,,MH04MH6316,8610,9175,565,,565,0
MH04MH6317,34996,37765,2769,,MH04MH6317,34996,37765,2769,,2769,0
MH04MH6318,33197,36051,2854,,MH04MH6318,33197,36051,2854,,2854,0
MH04MH6320,23685,25281,1596,,MH04MH6320,23685,25281,1596,,1596,0
MH04MH6655,36065,38776,2711,,MH04MH6655,36065,38776,2711,,2711,0
MH04MR5568,7279,8272,993,,MH04MR5568,7279,8272,993,,993,0
MH04MR5569,8995,10396,1401,,MH04MR5569,8995,10396,1401,,1401,0
MH04MR5596,10215,11160,945,,MH04MR5596,10215,11160,945,,945,0
MH04MR5597,9108,10722,1614,,MH04MR5597,9108,10722,1614,,1614,0
MH04MR5860,14810,17203,2393,,MH04MR5860,14810,17203,2393,,2393,0
MH04MR5861,13120,14731,1611,,MH04MR5861,13120,14731,1611,,1611,0
MH04MR5863,18347,21523,3176,,MH04MR5863,18347,21523,3176,,3176,0
MH04MR5864,15202,17706,2504,,MH04MR5864,15202,17706,2504,,2504,0
MH04MR5922,18449,21406,2957,,MH04MR5922,18449,21406,2957,,2957,0
MH11CQ5607,0,8108,8108,,MH11CQ5607,0,8108,8108,,8108,0
MH12KQ0265,440348,447383,7035,,MH12KQ0265,440348,447383,7035,,7035,0
MH12KQ1396,286360,287210,850,,MH12KQ1396,286360,287210,850,,850,0
MH12KQ3233,0,0,0,,MH12KQ3233,0,0,0,,0,0
MH12KQ7263,0,0,0,,MH12KQ7263,0,0,0,,0,0
MH12LB9492,0,0,0,,MH12LB9492,0,0,0,,0,0
MH12SF5442,0,0,0,,MH12SF5442,0,0,0,,0,0
MH12UM9865,0,0,0,,MH12UM9865,0,0,0,,0,0
MH12VF1253,0,0,0,,MH12VF1253,0,0,0,,0,0
MH12WF5993,0,0,0,,MH12WF5993,0,0,0,,0,0
MH12WR1918,0,0,0,,MH12WR1918,0,0,0,,0,0
MH12YB9901,0,0,0,,MH12YB9901,0,0,0,,0,0
MH12YB9902,0,0,0,,MH12YB9902,0,0,0,,0,0
MH12YQ7251,0,0,0,,MH12YQ7251,0,0,0,,0,0
MH12ZE0337,0,0,0,,MH12ZE0337,0,0,0,,0,0
MH12ZE2777,0,0,0,,MH12ZE2777,0,0,0,,0,0
MH12ZE6744,0,0,0,,MH12ZE6744,0,0,0,,0,0
MH14CW2890,464354,468425,4071,,MH14CW2890,464354,468425,4071,,4071,0
MH14CW2893,371845,375226,3381,,MH14CW2893,371845,375226,3381,,3381,0
MH14CW2895,422911,426195,3284,,MH14CW2895,422911,426195,3284,,3284,0
MH14CW2896,410403,412295,1892,,MH14CW2896,410403,412295,1892,,1892,0
MH14CW2897,385970,389684,3714,,MH14CW2897,385970,389684,3714,,3714,0
MH14CW2902,393497,397974,4477,,MH14CW2902,393497,397974,4477,,4477,0
MH14CW2904,396703,402335,5632,,MH14CW2904,396703,402335,5632,,5632,0
MH14CW2905,552620,558945,6325,,MH14CW2905,552620,558945,6325,,6325,0
MH14CW2906,379006,380942,1936,,MH14CW2906,379006,380942,1936,,1936,0
MH14CW2908,351813,353787,1974,,MH14CW2908,351813,353787,1974,,1974,0
MH14CW3071,87878,89787,1909,,MH14CW3071,87878,89787,1909,,1909,0
MH14CW3256,312462,314765,2303,,MH14CW3256,312462,314765,2303,,2303,0
MH14CW3260,432000,437424,5424,,MH14CW3260,432000,437424,5424,,5424,0
MH14CW3266,169468,175624,6156,,MH14CW3266,169468,175624,6156,,6156,0
MH14CW3580,362909,366324,3415,,MH14CW3580,362909,366324,3415,,3415,0
MH14CW3581,81940,88012,6072,,MH14CW3581,81940,88012,6072,,6072,0
MH14CW3584,504559,509534,4975,,MH14CW3584,504559,509534,4975,,4975,0
MH14CW3867,99293,102454,3161,,MH14CW3867,99293,102454,3161,,3161,0
MH14CW4061,434833,437526,2693,,MH14CW4061,434833,437526,2693,,2693,0
MH14CW4062,397629,399425,1796,,MH14CW4062,397629,399425,1796,,1796,0
MH14CW4377,224047,226411,2364,,MH14CW4377,224047,226411,2364,,2364,0
MH14CW4381,134773,140191,5418,,MH14CW4381,134773,140191,5418,,5418,0
MH14CW4456,290916,295325,4409,,MH14CW4456,290916,295325,4409,,4409,0
MH14CW4483,63694,64214,520,,MH14CW4483,63694,64214,520,,520,0
MH14CW4485,54401,56688,2287,,MH14CW4485,54401,56688,2287,,2287,0
MH14CW4609,292697,296497,3800,,MH14CW4609,292697,296497,3800,,3800,0
MH14CW4610,395567,399751,4184,,MH14CW4610,395567,399751,4184,,4184,0
MH14CW4611,443546,449127,5581,,MH14CW4611,443546,449127,5581,,5581,0
MH14CW4612,260154,263125,2971,,MH14CW4612,260154,263125,2971,,2971,0
MH14CW4613,24805,27145,2340,,MH14CW4613,24805,27145,2340,,2340,0
MH14CW4614,281576,287725,6149,,MH14CW4614,281576,287725,6149,,6149,0
MH14CW4615,300325,305305,4980,,MH14CW4615,300325,305305,4980,,4980,0
MH14CW4616,293375,297391,4016,,MH14CW4616,293375,297391,4016,,4016,0
MH14CW4802,480212,486121,5909,,MH14CW4802,480212,486121,5909,,5909,0
MH14CW4805,291903,295191,3288,,MH14CW4805,291903,295191,3288,,3288,0
MH14CW4806,404054,407236,3182,,MH14CW4806,404054,407236,3182,,3182,0
MH14CW4812,559897,562710,2813,,MH14CW4812,559897,562710,2813,,2813,0
MH14CW4813,292140,295219,3079,,MH14CW4813,292140,295219,3079,,3079,0
MH14CW4815,500757,506625,5868,,MH14CW4815,500757,506625,5868,,5868,0
MH14CW4816,301249,305736,4487,,MH14CW4816,301249,305736,4487,,4487,0
MH14CW4820,268369,271127,2758,,MH14CW4820,268369,271127,2758,,2758,0
MH14CW4821,288521,291818,3297,,MH14CW4821,288521,291818,3297,,3297,0
MH14CW4822,480879,486012,5133,,MH14CW4822,480879,486012,5133,,5133,0
MH14CW4823,557026,563105,6079,,MH14CW4823,557026,563105,6079,,6079,0
MH14CW4824,298708,302943,4235,,MH14CW4824,298708,302943,4235,,4235,0
MH14CW4852,87033,90554,3521,,MH14CW4852,87033,90554,3521,,3521,0
MH14DC8528,600,720,120,,MH14DC8528,600,720,120,,120,0
MH14DM8003,292112,294524,2412,,MH14DM8003,292112,294524,2412,,2412,0
MH14GD4456,356020,362799,6779,,MH14GD4456,356020,362799,6779,,6779,0
MH14GD4457,326233,334172,7939,,MH14GD4457,326233,334172,7939,,7939,0
MH14GD4458,451584,455584,4000,,MH14GD4458,451584,455584,4000,,4000,0
MH14GD4460,469857,474868,5011,,MH14GD4460,469857,474868,5011,,5011,0
MH14GD4572,0,0,0,,MH14GD4572,0,0,0,,0,0
MH14GD5136,450215,451965,1750,,MH14GD5136,450215,451965,1750,,1750,0
MH14GD7245,0,0,0,,MH14GD7245,0,0,0,,0,0
MH14GD9102,291380,294365,2985,,MH14GD9102,291380,294365,2985,,2985,0
MH14GD9106,437895,440198,2303,,MH14GD9106,437895,440198,2303,,2303,0
MH14GD9109,307883,309932,2049,,MH14GD9109,307883,309932,2049,,2049,0
MH14GD9116,0,0,0,,MH14GD9116,0,0,0,,0,0
MH14GD9122,520023,522094,2071,,MH14GD9122,520023,522094,2071,,2071,0
MH14GD9124,324747,326827,2080,,MH14GD9124,324747,326827,2080,,2080,0
MH14GD9126,452685,453765,1080,,MH14GD9126,452685,453765,1080,,1080,0
MH14GD9129,302828,303124,296,,MH14GD9129,302828,303124,296,,296,0
MH14GU6172,308935,309443,508,,MH14GU6172,308935,309443,508,,508,0
MH14HG2520,211878,214856,2978,,MH14HG2520,211878,214856,2978,,2978,0
MH14HG3112,272332,276572,4240,,MH14HG3112,272332,276572,4240,,4240,0
MH14HG3113,284147,284781,634,,MH14HG3113,284147,284781,634,,634,0
MH14HG3114,232839,234213,1374,,MH14HG3114,232839,234213,1374,,1374,0
MH14HG3115,265548,268214,2666,,MH14HG3115,265548,268214,2666,,2666,0
MH14HG3116,285129,287965,2836,,MH14HG3116,285129,287965,2836,,2836,0
MH14HG3117,242586,244125,1539,,MH14HG3117,242586,244125,1539,,1539,0
MH14HG3119,239557,241654,2097,,MH14HG3119,239557,241654,2097,,2097,0
MH14HG3816,0,0,0,,MH14HG3816,0,0,0,,0,0
MH14HG5612,411985,416975,4990,,MH14HG5612,411985,416975,4990,,4990,0
MH14HG5613,72091,75908,3817,,MH14HG5613,72091,75908,3817,,3817,0
MH14HG5614,377226,384965,7739,,MH14HG5614,377226,384965,7739,,7739,0
MH14HG5615,308988,313954,4966,,MH14HG5615,308988,313954,4966,,4966,0
MH14HG5617,405423,411740,6317,,MH14HG5617,405423,411740,6317,,6317,0
MH14HG6857,352393,354563,2170,,MH14HG6857,352393,354563,2170,,2170,0
MH14HG7555,0,0,0,,MH14HG7555,0,0,0,,0,0
MH14HG7929,0,0,0,,MH14HG7929,0,0,0,,0,0
MH14HG8154,0,0,0,,MH14HG8154,0,0,0,,0,0
MH14HG9379,46035,47987,1952,,MH14HG9379,46035,47987,1952,,1952,0
MH14HG9380,288405,293554,5149,,MH14HG9380,288405,293554,5149,,5149,0
MH14HU0836,318250,320072,1822,,MH14HU0836,318250,320072,1822,,1822,0
MH14HU0837,347511,352654,5143,,MH14HU0837,347511,352654,5143,,5143,0
MH14HU3978,193952,196536,2584,,MH14HU3978,193952,196536,2584,,2584,0
MH14HU3979,204741,206825,2084,,MH14HU3979,204741,206825,2084,,2084,0
MH14HU3980,233367,235927,2560,,MH14HU3980,233367,235927,2560,,2560,0
MH14HU3981,255389,257725,2336,,MH14HU3981,255389,257725,2336,,2336,0
MH14HU3982,233546,235924,2378,,MH14HU3982,233546,235924,2378,,2378,0
MH14HU3983,186002,189102,3100,,MH14HU3983,186002,189102,3100,,3100,0
MH14HU3984,226421,228724,2303,,MH14HU3984,226421,228724,2303,,2303,0
MH14HU3985,186473,189324,2851,,MH14HU3985,186473,189324,2851,,2851,0
MH14HU5220,0,0,0,,MH14HU5220,0,0,0,,0,0
MH14HU9544,0,0,0,,MH14HU9544,0,0,0,,0,0
MH14KA1499,233987,239461,5474,,MH14KA1499,233987,239461,5474,,5474,0
MH14KA1737,161740,165869,4129,,MH14KA1737,161740,165869,4129,,4129,0
MH14KA1738,153448,154765,1317,,MH14KA1738,153448,154765,1317,,1317,0
MH14KA1739,161338,164897,3559,,MH14KA1739,161338,164897,3559,,3559,0
MH14KA1740,177271,181212,3941,,MH14KA1740,177271,181212,3941,,3941,0
MH14KA1741,135813,138915,3102,,MH14KA1741,135813,138915,3102,,3102,0
MH14KA1742,154345,157879,3534,,MH14KA1742,154345,157879,3534,,3534,0
MH14KA1743,94239,95964,1725,,MH14KA1743,94239,95964,1725,,1725,0
MH14KA1744,164875,168610,3735,,MH14KA1744,164875,168610,3735,,3735,0
MH14KA1745,97300,98398,1098,,MH14KA1745,97300,98398,1098,,1098,0
MH14KA1763,124566,127594,3028,,MH14KA1763,124566,127594,3028,,3028,0
MH14KA1764,146887,148724,1837,,MH14KA1764,146887,148724,1837,,1837,0
MH14KA1765,157009,160894,3885,,MH14KA1765,157009,160894,3885,,3885,0
MH14KA1878,57287,58592,1305,,MH14KA1878,57287,58592,1305,,1305,0
MH14KA1879,194778,198418,3640,,MH14KA1879,194778,198418,3640,,3640,0
MH14KA1880,216908,225893,8985,,MH14KA1880,216908,225893,8985,,8985,0
MH14KA1882,163720,167976,4256,,MH14KA1882,163720,167976,4256,,4256,0
MH14KA1883,196780,200976,4196,,MH14KA1883,196780,200976,4196,,4196,0
MH14KA1886,197077,200299,3222,,MH14KA1886,197077,200299,3222,,3222,0
MH14KA1887,62014,63450,1436,,MH14KA1887,62014,63450,1436,,1436,0
MH14KA1888,169881,172339,2458,,MH14KA1888,169881,172339,2458,,2458,0
MH14KA1889,63779,65444,1665,,MH14KA1889,63779,65444,1665,,1665,0
MH14KA1890,120317,122997,2680,,MH14KA1890,120317,122997,2680,,2680,0
MH14KA1891,61296,63035,1739,,MH14KA1891,61296,63035,1739,,1739,0
MH14KA1892,61591,62602,1011,,MH14KA1892,61591,62602,1011,,1011,0
MH14KA1893,165898,169728,3830,,MH14KA1893,165898,169728,3830,,3830,0
MH14KA1894,130649,138211,7562,,MH14KA1894,130649,138211,7562,,7562,0
MH14KA1895,173853,176696,2843,,MH14KA1895,173853,176696,2843,,2843,0
MH14KA1897,214493,217554,3061,,MH14KA1897,214493,217554,3061,,3061,0
MH14KA1898,167005,170264,3259,,MH14KA1898,167005,170264,3259,,3259,0
MH14KA1901,188488,192663,4175,,MH14KA1901,188488,192663,4175,,4175,0
MH14KA1902,167755,170841,3086,,MH14KA1902,167755,170841,3086,,3086,0
MH14KA1903,148718,151147,2429,,MH14KA1903,148718,151147,2429,,2429,0
MH14KA1904,149297,153013,3716,,MH14KA1904,149297,153013,3716,,3716,0
MH14KA1905,210644,214713,4069,,MH14KA1905,210644,214713,4069,,4069,0
MH14KA1906,166761,170835,4074,,MH14KA1906,166761,170835,4074,,4074,0
MH14KA1907,201187,204759,3572,,MH14KA1907,201187,204759,3572,,3572,0
MH14KA1909,153186,157046,3860,,MH14KA1909,153186,157046,3860,,3860,0
MH14KA1910,154496,158653,4157,,MH14KA1910,154496,158653,4157,,4157,0
MH14KA1912,220862,227120,6258,,MH14KA1912,220862,227120,6258,,6258,0
MH14KA1913,294533,302482,7949,,MH14KA1913,294533,302482,7949,,7949,0
MH14KA1914,126448,128503,2055,,MH14KA1914,126448,128503,2055,,2055,0
MH14KA1915,257885,262513,4628,,MH14KA1915,257885,262513,4628,,4628,0
MH14KA1916,136331,138791,2460,,MH14KA1916,136331,138791,2460,,2460,0
MH14KA2463,136266,140320,4054,,MH14KA2463,136266,140320,4054,,4054,0
MH14KA2464,143550,147192,3642,,MH14KA2464,143550,147192,3642,,3642,0
MH14KA2465,249268,253962,4694,,MH14KA2465,249268,253962,4694,,4694,0
MH14KA2467,149433,153252,3819,,MH14KA2467,149433,153252,3819,,3819,0
MH14KA2469,139901,142933,3032,,MH14KA2469,139901,142933,3032,,3032,0
MH14KA2554,174641,179872,5231,,MH14KA2554,174641,179872,5231,,5231,0
MH14KA2556,162420,166134,3714,,MH14KA2556,162420,166134,3714,,3714,0
MH14KA2557,208770,217105,8335,,MH14KA2557,208770,217105,8335,,8335,0
MH14KA2558,216848,224031,7183,,MH14KA2558,216848,224031,7183,,7183,0
MH14KA2559,147503,149936,2433,,MH14KA2559,147503,149936,2433,,2433,0
MH14KA2560,178655,182978,4323,,MH14KA2560,178655,182978,4323,,4323,0
MH14KA2561,237058,239329,2271,,MH14KA2561,237058,239329,2271,,2271,0
MH14KA2562,146591,149071,2480,,MH14KA2562,146591,149071,2480,,2480,0
MH14KA2563,135496,141687,6191,,MH14KA2563,135496,141687,6191,,6191,0
MH14KA2569,167232,170632,3400,,MH14KA2569,167232,170632,3400,,3400,0
MH14KA2570,178284,180322,2038,,MH14KA2570,178284,180322,2038,,2038,0
MH14KA2591,138028,141139,3111,,MH14KA2591,138028,141139,3111,,3111,0
MH14KA2602,165430,169125,3695,,MH14KA2602,165430,169125,3695,,3695,0
MH14KA2731,173744,177921,4177,,MH14KA2731,173744,177921,4177,,4177,0
MH14KA2806,121208,122706,1498,,MH14KA2806,121208,122706,1498,,1498,0
MH14KA2807,177177,181188,4011,,MH14KA2807,177177,181188,4011,,4011,0
MH14KA2808,125730,129434,3704,,MH14KA2808,125730,129434,3704,,3704,0
MH14KA2809,149006,152765,3759,,MH14KA2809,149006,152765,3759,,3759,0
MH14KA2810,167758,170617,2859,,MH14KA2810,167758,170617,2859,,2859,0
MH14KA2811,187813,190965,3152,,MH14KA2811,187813,190965,3152,,3152,0
MH14KA2812,128318,130948,2630,,MH14KA2812,128318,130948,2630,,2630,0
MH14KA2813,117794,118881,1087,,MH14KA2813,117794,118881,1087,,1087,0
MH14KA2814,157501,160604,3103,,MH14KA2814,157501,160604,3103,,3103,0
MH14KA2815,193468,196662,3194,,MH14KA2815,193468,196662,3194,,3194,0
MH14KA2816,119117,124319,5202,,MH14KA2816,119117,124319,5202,,5202,0
MH14KA2817,149787,155266,5479,,MH14KA2817,149787,155266,5479,,5479,0
MH14KA2818,128772,131220,2448,,MH14KA2818,128772,131220,2448,,2448,0
MH14KA2819,186034,188154,2120,,MH14KA2819,186034,188154,2120,,2120,0
MH14KA2820,124617,127088,2471,,MH14KA2820,124617,127088,2471,,2471,0
MH14KA2879,192301,196699,4398,,MH14KA2879,192301,196699,4398,,4398,0
MH14KA2880,148773,152130,3357,,MH14KA2880,148773,152130,3357,,3357,0
MH14KA2923,159213,163634,4421,,MH14KA2923,159213,163634,4421,,4421,0
MH14KA2924,118152,122054,3902,,MH14KA2924,118152,122054,3902,,3902,0
MH14KA2925,189791,193958,4167,,MH14KA2925,189791,193958,4167,,4167,0
MH14KA2935,151468,154924,3456,,MH14KA2935,151468,154924,3456,,3456,0
MH14KA3010,193729,196849,3120,,MH14KA3010,193729,196849,3120,,3120,0
MH14KA3310,157962,160763,2801,,MH14KA3310,157962,160763,2801,,2801,0
MH14KA3311,165945,169038,3093,,MH14KA3311,165945,169038,3093,,3093,0
MH14KA3312,225984,232152,6168,,MH14KA3312,225984,232152,6168,,6168,0
MH14KA3315,152140,153314,1174,,MH14KA3315,152140,153314,1174,,1174,0
MH14KA3316,168359,170625,2266,,MH14KA3316,168359,170625,2266,,2266,0
MH14KA4846,0,0,0,,MH14KA4846,0,0,0,,0,0
MH14KA9138,114405,116932,2527,,MH14KA9138,114405,116932,2527,,2527,0
MH14KA9139,114763,117325,2562,,MH14KA9139,114763,117325,2562,,2562,0
MH14KA9141,101106,104324,3218,,MH14KA9141,101106,104324,3218,,3218,0
MH14KA9143,93987,96612,2625,,MH14KA9143,93987,96612,2625,,2625,0
MH14KA9148,108903,112101,3198,,MH14KA9148,108903,112101,3198,,3198,0
MH14KA9150,127756,131325,3569,,MH14KA9150,127756,131325,3569,,3569,0
MH14KA9152,116096,118724,2628,,MH14KA9152,116096,118724,2628,,2628,0
MH14KA9502,0,0,0,,MH14KA9502,0,0,0,,0,0
MH14KA9520,0,8108,8108,,MH14KA9520,0,8108,8108,,8108,0
MH14KQ1004,83167,86205,3038,,MH14KQ1004,83167,86205,3038,,3038,0
MH14KQ3557,0,0,0,,MH14KQ3557,0,0,0,,0,0
MH14KQ5220,0,0,0,,MH14KQ5220,0,0,0,,0,0
MH14KQ5693,0,0,0,,MH14KQ5693,0,0,0,,0,0
MH14KQ9520,0,0,0,,MH14KQ9520,0,0,0,,0,0
MH14KQ9848,0,0,0,,MH14KQ9848,0,0,0,,0,0
MH14KU2284,0,0,0,,MH14KU2284,0,0,0,,0,0
MH14LB2783,0,0,0,,MH14LB2783,0,0,0,,0,0
MH14LB2872,71135,73306,2171,,MH14LB2872,71135,73306,2171,,2171,0
MH14LB2873,0,0,0,,MH14LB2873,0,0,0,,0,0
MH14LB2874,72505,75288,2783,,MH14LB2874,72505,75288,2783,,2783,0
MH14LB2875,111656,114924,3268,,MH14LB2875,111656,114924,3268,,3268,0
MH14LB2876,99540,103384,3844,,MH14LB2876,99540,103384,3844,,3844,0
MH14LB2877,114426,117835,3409,,MH14LB2877,114426,117835,3409,,3409,0
MH14LB3843,99858,102924,3066,,MH14LB3843,99858,102924,3066,,3066,0
MH14LB3844,94789,98859,4070,,MH14LB3844,94789,98859,4070,,4070,0
MH14LB3845,92481,95966,3485,,MH14LB3845,92481,95966,3485,,3485,0
MH14LB3846,107884,112365,4481,,MH14LB3846,107884,112365,4481,,4481,0
MH14LB3847,78957,82536,3579,,MH14LB3847,78957,82536,3579,,3579,0
MH14LB3848,111931,114835,2904,,MH14LB3848,111931,114835,2904,,2904,0
MH14LB3849,97013,99792,2779,,MH14LB3849,97013,99792,2779,,2779,0
MH14LB3879,104174,106099,1925,,MH14LB3879,104174,106099,1925,,1925,0
MH14LB3984,55166,57614,2448,,MH14LB3984,55166,57614,2448,,2448,0
MH14LB3985,82676,86728,4052,,MH14LB3985,82676,86728,4052,,4052,0
MH14LB3986,106465,108274,1809,,MH14LB3986,106465,108274,1809,,1809,0
MH14LB3987,58314,60715,2401,,MH14LB3987,58314,60715,2401,,2401,0
MH14LB3988,67619,68864,1245,,MH14LB3988,67619,68864,1245,,1245,0
MH14LB3989,96806,100025,3219,,MH14LB3989,96806,100025,3219,,3219,0
MH14LB3990,70990,74325,3335,,MH14LB3990,70990,74325,3335,,3335,0
MH14LB3991,94626,98973,4347,,MH14LB3991,94626,98973,4347,,4347,0
MH14LB4534,71992,76644,4652,,MH14LB4534,71992,76644,4652,,4652,0
MH14LB4535,110180,113654,3474,,MH14LB4535,110180,113654,3474,,3474,0
MH14LB4966,116891,120259,3368,,MH14LB4966,116891,120259,3368,,3368,0
MH14LB5344,104069,106098,2029,,MH14LB5344,104069,106098,2029,,2029,0
MH14LB5428,0,0,0,,MH14LB5428,0,0,0,,0,0
MH14LB5814,64983,66265,1282,,MH14LB5814,64983,66265,1282,,1282,0
MH14LB5815,45435,47025,1590,,MH14LB5815,45435,47025,1590,,1590,0
MH14LB5817,73466,75905,2439,,MH14LB5817,73466,75905,2439,,2439,0
MH14LB5818,30857,32215,1358,,MH14LB5818,30857,32215,1358,,1358,0
MH14LB5820,40572,42729,2157,,MH14LB5820,40572,42729,2157,,2157,0
MH14LB5821,74727,83354,8627,,MH14LB5821,74727,83354,8627,,8627,0
MH14LB5914,191013,197562,6549,,MH14LB5914,191013,197562,6549,,6549,0
MH14LB5915,123589,128282,4693,,MH14LB5915,123589,128282,4693,,4693,0
MH14LB5916,96541,99325,2784,,MH14LB5916,96541,99325,2784,,2784,0
MH14LB5917,150434,157001,6567,,MH14LB5917,150434,157001,6567,,6567,0
MH14LB5918,117865,121952,4087,,MH14LB5918,117865,121952,4087,,4087,0
MH14LB5919,236440,245440,9000,,MH14LB5919,236440,245440,9000,,9000,0
MH14LB5921,211897,213661,1764,,MH14LB5921,211897,213661,1764,,1764,0
MH14LB5922,138490,144439,5949,,MH14LB5922,138490,144439,5949,,5949,0
MH14LB5923,82679,84326,1647,,MH14LB5923,82679,84326,1647,,1647,0
MH14LB5924,88985,92664,3679,,MH14LB5924,88985,92664,3679,,3679,0
MH14LB5925,128970,134383,5413,,MH14LB5925,128970,134383,5413,,5413,0
MH14LB5926,127297,132471,5174,,MH14LB5926,127297,132471,5174,,5174,0
MH14LB5967,82818,87151,4333,,MH14LB5967,82818,87151,4333,,4333,0
MH14LB6092,47436,49335,1899,,MH14LB6092,47436,49335,1899,,1899,0
MH14LB6095,48551,50134,1583,,MH14LB6095,48551,50134,1583,,1583,0
MH14LB6096,48701,51898,3197,,MH14LB6096,48701,51898,3197,,3197,0
MH14LB6210,74355,76570,2215,,MH14LB6210,74355,76570,2215,,2215,0
MH14LB6211,95736,100515,4779,,MH14LB6211,95736,100515,4779,,4779,0
MH14LB6213,132515,136740,4225,,MH14LB6213,132515,136740,4225,,4225,0
MH14LB6214,198005,205116,7111,,MH14LB6214,198005,205116,7111,,7111,0
MH14LB6215,122745,124126,1381,,MH14LB6215,122745,124126,1381,,1381,0
MH14LB6268,72134,72325,191,,MH14LB6268,72134,72325,191,,191,0
MH14LB6269,52523,55105,2582,,MH14LB6269,52523,55105,2582,,2582,0
MH14LB6270,173700,180403,6703,,MH14LB6270,173700,180403,6703,,6703,0
MH14LB8052,102331,106616,4285,,MH14LB8052,102331,106616,4285,,4285,0
MH14LB8792,0,0,0,,MH14LB8792,0,0,0,,0,0
MH14LB9060,0,0,0,,MH14LB9060,0,0,0,,0,0
MH14LB9489,0,0,0,,MH14LB9489,0,0,0,,0,0
MH14LB9848,0,0,0,,MH14LB9848,0,0,0,,0,0
MH14LL1494,0,0,0,,MH14LL1494,0,0,0,,0,0
MH14LL4121,145424,146898,1474,,MH14LL4121,145424,146898,1474,,1474,0
MH14LL4123,125700,132168,6468,,MH14LL4123,125700,132168,6468,,6468,0
MH14LL4124,87113,91546,4433,,MH14LL4124,87113,91546,4433,,4433,0
MH14LL4125,96970,102270,5300,,MH14LL4125,96970,102270,5300,,5300,0
MH14LL4126,59863,63096,3233,,MH14LL4126,59863,63096,3233,,3233,0
MH14LL4128,85193,91756,6563,,MH14LL4128,85193,91756,6563,,6563,0
MH14LL4129,61640,63839,2199,,MH14LL4129,61640,63839,2199,,2199,0
MH14LL4130,104510,107867,3357,,MH14LL4130,104510,107867,3357,,3357,0
MH14LL4132,79837,85623,5786,,MH14LL4132,79837,85623,5786,,5786,0
MH14LL4134,43767,46693,2926,,MH14LL4134,43767,46693,2926,,2926,0
MH14LL4135,126856,130391,3535,,MH14LL4135,126856,130391,3535,,3535,0
MH14LL4136,90400,94465,4065,,MH14LL4136,90400,94465,4065,,4065,0
MH14LL4137,89384,93350,3966,,MH14LL4137,89384,93350,3966,,3966,0
MH14LL4138,158905,165440,6535,,MH14LL4138,158905,165440,6535,,6535,0
MH14LL4139,127891,132861,4970,,MH14LL4139,127891,132861,4970,,4970,0
MH14LL4140,170534,177578,7044,,MH14LL4140,170534,177578,7044,,7044,0
MH14LL4143,71992,75732,3740,,MH14LL4143,71992,75732,3740,,3740,0
MH14LL4144,103125,105756,2631,,MH14LL4144,103125,105756,2631,,2631,0
MH14LL4145,110063,113926,3863,,MH14LL4145,110063,113926,3863,,3863,0
MH14LL4146,133708,138562,4854,,MH14LL4146,133708,138562,4854,,4854,0
MH14LL4148,84913,88295,3382,,MH14LL4148,84913,88295,3382,,3382,0
MH14LL4149,144836,147067,2231,,MH14LL4149,144836,147067,2231,,2231,0
MH14LL4150,93050,95551,2501,,MH14LL4150,93050,95551,2501,,2501,0
MH14LL4153,152012,158823,6811,,MH14LL4153,152012,158823,6811,,6811,0
MH14LL4154,130009,135426,5417,,MH14LL4154,130009,135426,5417,,5417,0
MH14LL4156,157558,161160,3602,,MH14LL4156,157558,161160,3602,,3602,0
MH14LL4157,139399,145061,5662,,MH14LL4157,139399,145061,5662,,5662,0
MH14LL4159,170988,178590,7602,,MH14LL4159,170988,178590,7602,,7602,0
MH14LL4179,106007,114198,8191,,MH14LL4179,106007,114198,8191,,8191,0
MH14LL4180,79009,82202,3193,,MH14LL4180,79009,82202,3193,,3193,0
MH14LL4181,78273,81833,3560,,MH14LL4181,78273,81833,3560,,3560,0
MH14LL4182,52743,54394,1651,,MH14LL4182,52743,54394,1651,,1651,0
MH14LL4183,90743,96283,5540,,MH14LL4183,90743,96283,5540,,5540,0
MH14LL4184,133868,143310,9442,,MH14LL4184,133868,143310,9442,,9442,0
MH14LL4186,74535,77328,2793,,MH14LL4186,74535,77328,2793,,2793,0
MH14LL4187,129116,135632,6516,,MH14LL4187,129116,135632,6516,,6516,0
MH14LL4188,133026,138945,5919,,MH14LL4188,133026,138945,5919,,5919,0
MH14LL4189,204204,214516,10312,,MH14LL4189,204204,214516,10312,,10312,0
MH14LL4190,159650,159957,307,,MH14LL4190,159650,159957,307,,307,0
MH14LL4191,103231,108282,5051,,MH14LL4191,103231,108282,5051,,5051,0
MH14LL4192,76107,79325,3218,,MH14LL4192,76107,79325,3218,,3218,0
MH14LL4193,84362,87121,2759,,MH14LL4193,84362,87121,2759,,2759,0
MH14LL4194,129598,134527,4929,,MH14LL4194,129598,134527,4929,,4929,0
MH14LL4195,131813,137854,6041,,MH14LL4195,131813,137854,6041,,6041,0
MH14LL4196,83488,87621,4133,,MH14LL4196,83488,87621,4133,,4133,0
MH14LL4197,103340,109943,6603,,MH14LL4197,103340,109943,6603,,6603,0
MH14LL4198,164395,168536,4141,,MH14LL4198,164395,168536,4141,,4141,0
MH14LL4199,172678,180935,8257,,MH14LL4199,172678,180935,8257,,8257,0
MH14LL4201,133228,136778,3550,,MH14LL4201,133228,136778,3550,,3550,0
MH14LL4204,163191,167326,4135,,MH14LL4204,163191,167326,4135,,4135,0
MH14LL4205,187353,196067,8714,,MH14LL4205,187353,196067,8714,,8714,0
MH14LL4207,119864,122986,3122,,MH14LL4207,119864,122986,3122,,3122,0
MH14LL4208,139958,145424,5466,,MH14LL4208,139958,145424,5466,,5466,0
MH14LL4209,77483,80736,3253,,MH14LL4209,77483,80736,3253,,3253,0
MH14LL4278,47004,49735,2731,,MH14LL4278,47004,49735,2731,,2731,0
MH14LL4301,0,0,0,,MH14LL4301,0,0,0,,0,0
MH14LL4886,0,0,0,,MH14LL4886,0,0,0,,0,0
MH14LL6272,78518,82495,3977,,MH14LL6272,78518,82495,3977,,3977,0
MH14LL6273,63709,66492,2783,,MH14LL6273,63709,66492,2783,,2783,0
MH14LL6274,75408,77635,2227,,MH14LL6274,75408,77635,2227,,2227,0
MH14LL6328,42127,42730,603,,MH14LL6328,42127,42730,603,,603,0
MH14LL6329,23646,24009,363,,MH14LL6329,23646,24009,363,,363,0
MH14LL9502,0,0,0,,MH14LL9502,0,0,0,,0,0
MH14LL9848,0,0,0,,MH14LL9848,0,0,0,,0,0
MH14LQ1600,0,0,0,,MH14LQ1600,0,0,0,,0,0
MH14LX1060,31458,32722,1264,,MH14LX1060,31458,32722,1264,,1264,0
MH14LX2567,35340,37699,2359,,MH14LX2567,35340,37699,2359,,2359,0
MH14LX2568,51740,54677,2937,,MH14LX2568,51740,54677,2937,,2937,0
MH14LX2599,39219,41117,1898,,MH14LX2599,39219,41117,1898,,1898,0
MH14LX2601,51901,53490,1589,,MH14LX2601,51901,53490,1589,,1589,0
MH14LX2752,29101,31271,2170,,MH14LX2752,29101,31271,2170,,2170,0
MH14LX2753,63096,65290,2194,,MH14LX2753,63096,65290,2194,,2194,0
MH14LX2893,17364,18157,793,,MH14LX2893,17364,18157,793,,793,0
MH14LX2894,55190,57305,2115,,MH14LX2894,55190,57305,2115,,2115,0
MH14LX3710,37631,39006,1375,,MH14LX3710,37631,39006,1375,,1375,0
MH14LX3711,31630,33754,2124,,MH14LX3711,31630,33754,2124,,2124,0
MH14LX3712,34746,36213,1467,,MH14LX3712,34746,36213,1467,,1467,0
MH14LX3713,48857,51554,2697,,MH14LX3713,48857,51554,2697,,2697,0
MH14LX3714,38315,40172,1857,,MH14LX3714,38315,40172,1857,,1857,0
MH14LX3716,33605,34954,1349,,MH14LX3716,33605,34954,1349,,1349,0
MH14LX3718,31034,32780,1746,,MH14LX3718,31034,32780,1746,,1746,0
MH14LX3719,36681,38436,1755,,MH14LX3719,36681,38436,1755,,1755,0
MH14LX3720,34670,36564,1894,,MH14LX3720,34670,36564,1894,,1894,0
MH14LX3721,35024,36849,1825,,MH14LX3721,35024,36849,1825,,1825,0
MH14LX3723,29607,31325,1718,,MH14LX3723,29607,31325,1718,,1718,0
MH14LX3725,29343,31654,2311,,MH14LX3725,29343,31654,2311,,2311,0
MH14LX3726,32891,35631,2740,,MH14LX3726,32891,35631,2740,,2740,0
MH14LX4885,36996,39521,2525,,MH14LX4885,36996,39521,2525,,2525,0
MH14LX4888,34900,37551,2651,,MH14LX4888,34900,37551,2651,,2651,0
MH14LX4889,24486,26276,1790,,MH14LX4889,24486,26276,1790,,1790,0
MH14LX5220,0,0,0,,MH14LX5220,0,0,0,,0,0
MH14LX7484,37670,39382,1712,,MH14LX7484,37670,39382,1712,,1712,0
MH14LX7485,36809,39986,3177,,MH14LX7485,36809,39986,3177,,3177,0
MH14LX7487,34449,37039,2590,,MH14LX7487,34449,37039,2590,,2590,0
MH14LX7488,46771,48890,2119,,MH14LX7488,46771,48890,2119,,2119,0
MH14LX7841,41721,44847,3126,,MH14LX7841,41721,44847,3126,,3126,0
MH14LX7842,33921,36223,2302,,MH14LX7842,33921,36223,2302,,2302,0
MH14LX8792,0,0,0,,MH14LX8792,0,0,0,,0,0
MH14LX9322,0,0,0,,MH14LX9322,0,0,0,,0,0
MH14LX9492,0,0,0,,MH14LX9492,0,0,0,,0,0
MH14LX9897,0,0,0,,MH14LX9897,0,0,0,,0,0
MH14MH1600,0,0,0,,MH14MH1600,0,0,0,,0,0
MH14MH2897,0,0,0,,MH14MH2897,0,0,0,,0,0
MH14MH4066,0,0,0,,MH14MH4066,0,0,0,,0,0
MH14MH5220,0,0,0,,MH14MH5220,0,0,0,,0,0
MH14MH5755,0,0,0,,MH14MH5755,0,0,0,,0,0
MH14MT2064,9391,10835,1444,,MH14MT2064,9391,10835,1444,,1444,0
MH14MT2065,7525,9316,1791,,MH14MT2065,7525,9316,1791,,1791,0
MH14MT2066,9450,10973,1523,,MH14MT2066,9450,10973,1523,,1523,0
MH14MT2067,10272,12702,2430,,MH14MT2067,10272,12702,2430,,2430,0
MH14MT2472,7213,8338,1125,,MH14MT2472,7213,8338,1125,,1125,0
MH14MT2473,9195,10566,1371,,MH14MT2473,9195,10566,1371,,1371,0
MH14MT2474,8111,9074,963,,MH14MT2474,8111,9074,963,,963,0
MH14MT2475,12829,14992,2163,,MH14MT2475,12829,14992,2163,,2163,0
MH14MT2476,10052,11870,1818,,MH14MT2476,10052,11870,1818,,1818,0
MH14MT2477,7078,8144,1066,,MH14MT2477,7078,8144,1066,,1066,0
MH14MT2840,37196,41560,4364,,MH14MT2840,37196,41560,4364,,4364,0
MH14MT2841,23597,28110,4513,,MH14MT2841,23597,28110,4513,,4513,0
MH14MT2842,32632,36313,3681,,MH14MT2842,32632,36313,3681,,3681,0
MH14MT2843,21194,25625,4431,,MH14MT2843,21194,25625,4431,,4431,0
MH14MT3575,0,0,0,,MH14MT3575,0,0,0,,0,0
MH14MT4480,0,0,0,,MH14MT4480,0,0,0,,0,0
MH14MT4842,0,0,0,,MH14MT4842,0,0,0,,0,0
MH14MT5755,0,0,0,,MH14MT5755,0,0,0,,0,0
MH14MT9394,0,0,0,,MH14MT9394,0,0,0,,0,0
MH14MT9600,0,0,0,,MH14MT9600,0,0,0,,0,0
MH14NE4959,0,0,0,,MH14NE4959,0,0,0,,0,0
MH14NE5755,0,0,0,,MH14NE5755,0,0,0,,0,0
MH14WX3358,0,0,0,,MH14WX3358,0,0,0,,0,0
MH20DD0957,0,0,0,,MH20DD0957,0,0,0,,0,0
MH20EG5161,0,0,0,,MH20EG5161,0,0,0,,0,0
MH20GC2523,60690,61821,1131,,MH20GC2523,60690,61821,1131,,1131,0
MH20GC2524,41806,43164,1358,,MH20GC2524,41806,43164,1358,,1358,0
MH20GC2527,59591,61389,1798,,MH20GC2527,59591,61389,1798,,1798,0
MH20GC2528,63746,65653,1907,,MH20GC2528,63746,65653,1907,,1907,0
MH20GC2529,42043,43477,1434,,MH20GC2529,42043,43477,1434,,1434,0
MH20GC2530,54881,56444,1563,,MH20GC2530,54881,56444,1563,,1563,0
MH20GC2531,43894,45197,1303,,MH20GC2531,43894,45197,1303,,1303,0
MH20GC2532,47289,48802,1513,,MH20GC2532,47289,48802,1513,,1513,0
MH20GC2533,46419,47812,1393,,MH20GC2533,46419,47812,1393,,1393,0
MH20GC2534,44808,46153,1345,,MH20GC2534,44808,46153,1345,,1345,0
MH20GC2544,41192,42539,1347,,MH20GC2544,41192,42539,1347,,1347,0
MH20GC5307,92618,95129,2511,,MH20GC5307,92618,95129,2511,,2511,0
MH20GC5308,96818,98942,2124,,MH20GC5308,96818,98942,2124,,2124,0
MH20GC5309,151386,156016,4630,,MH20GC5309,151386,156016,4630,,4630,0
MH20GC5342,108079,111187,3108,,MH20GC5342,108079,111187,3108,,3108,0
MH20GC5343,116834,120326,3492,,MH20GC5343,116834,120326,3492,,3492,0
MH20GC5417,10988,13725,2737,,MH20GC5417,10988,13725,2737,,2737,0
MH20GC5419,16128,21211,5083,,MH20GC5419,16128,21211,5083,,5083,0
MH20GC7986,27453,28372,919,,MH20GC7986,27453,28372,919,,919,0
MH20GC7987,37914,39508,1594,,MH20GC7987,37914,39508,1594,,1594,0
MH20GC7988,24436,25323,887,,MH20GC7988,24436,25323,887,,887,0
MH20GC7989,11574,12159,585,,MH20GC7989,11574,12159,585,,585,0
MH20GC8098,26155,27380,1225,,MH20GC8098,26155,27380,1225,,1225,0
MH20GC8872,102537,110584,8047,,MH20GC8872,102537,110584,8047,,8047,0
MH20GC8873,105308,109878,4570,,MH20GC8873,105308,109878,4570,,4570,0
MH20GC8874,98662,103472,4810,,MH20GC8874,98662,103472,4810,,4810,0
MH20GC8875,77000,81057,4057,,MH20GC8875,77000,81057,4057,,4057,0
MH20GC8876,119221,125334,6113,,MH20GC8876,119221,125334,6113,,6113,0
MH20GC8878,95209,100147,4938,,MH20GC8878,95209,100147,4938,,4938,0
MH20GC8879,131667,138454,6787,,MH20GC8879,131667,138454,6787,,6787,0
MH20GC8890,77650,81420,3770,,MH20GC8890,77650,81420,3770,,3770,0
MH20GC8891,86286,90550,4264,,MH20GC8891,86286,90550,4264,,4264,0
MH20GC8893,97559,102334,4775,,MH20GC8893,97559,102334,4775,,4775,0
MH20GZ5418,7784,9656,1872,,MH20GZ5418,7784,9656,1872,,1872,0
MH20GZ5478,6302,7926,1624,,MH20GZ5478,6302,7926,1624,,1624,0
MH46DC5010,3470,5854,2384,,MH46DC5010,3470,5854,2384,,2384,0
MH46DC5012,2687,5099,2412,,MH46DC5012,2687,5099,2412,,2412,0
MH46DC5138,2152,3980,1828,,MH46DC5138,2152,3980,1828,,1828,0
MH46DC5193,4281,6591,2310,,MH46DC5193,4281,6591,2310,,2310,0
MH46DC5195,2537,4614,2077,,MH46DC5195,2537,4614,2077,,2077,0
MH46DC5196,4908,6617,1709,,MH46DC5196,4908,6617,1709,,1709,0
MH46DC5197,4318,6601,2283,,MH46DC5197,4318,6601,2283,,2283,0
MH46DC5198,5543,8329,2786,,MH46DC5198,5543,8329,2786,,2786,0
MH46DC5201,5874,7766,1892,,MH46DC5201,5874,7766,1892,,1892,0
MH46DC5204,2786,4208,1422,,MH46DC5204,2786,4208,1422,,1422,0
MH46DC6068,2821,4627,1806,,MH46DC6068,2821,4627,1806,,1806,0
MH46DC6069,1952,4095,2143,,MH46DC6069,1952,4095,2143,,2143,0
MH46DC6073,1314,3101,1787,,MH46DC6073,1314,3101,1787,,1787,0
MH46DC6074,2564,4271,1707,,MH46DC6074,2564,4271,1707,,1707,0
MH46DC6075,3042,5086,2044,,MH46DC6075,3042,5086,2044,,2044,0
MH46DC6076,1281,3291,2010,,MH46DC6076,1281,3291,2010,,2010,0
MH46DC6167,1279,2437,1158,,MH46DC6167,1279,2437,1158,,1158,0
MH46DC6332,1580,2934,1354,,MH46DC6332,1580,2934,1354,,1354,0
MH46DC6334,1220,2977,1757,,MH46DC6334,1220,2977,1757,,1757,0
MH46DC6335,941,2015,1074,,MH46DC6335,941,2015,1074,,1074,0
MH46DC6359,1169,3002,1833,,MH46DC6359,1169,3002,1833,,1833,0
MH46DC7969,600,700,100,,MH46DC7969,600,700,100,,100,0
MH46DC7970,780,1666,886,,MH46DC7970,780,1666,886,,886,0
MH46DC7975,640,950,310,,MH46DC7975,640,950,310,,310,0
MH46DC7976,590,1337,747,,MH46DC7976,590,1337,747,,747,0
MH46DC7978,510,1190,680,,MH46DC7978,510,1190,680,,680,0
MH46DC7981,640,1428,788,,MH46DC7981,640,1428,788,,788,0
MH46DC8021,630,763,133,,MH46DC8021,630,763,133,,133,0
MH46DC8236,602,708,106,,MH46DC8236,602,708,106,,106,0
MH46DC8237,628,888,260,,MH46DC8237,628,888,260,,260,0
MH46DC8238,560,679,119,,MH46DC8238,560,679,119,,119,0
MH46DC8239,590,695,105,,MH46DC8239,590,695,105,,105,0
MH46DC8240,582,693,111,,MH46DC8240,582,693,111,,111,0
MH46DC8448,590,663,73,,MH46DC8448,590,663,73,,73,0
Road sweeper,,0,0,,Road sweeper,,0,0,,0,0
TN87H1905,76635,80885,4250,,TN87H1905,76635,80885,4250,,4250,0
TN87H1913,126749,138688,11939,,TN87H1913,126749,138688,11939,,11939,0
TN87H1931,88791,98575,9784,,TN87H1931,88791,98575,9784,,9784,0
TN87H1942,41030,49568,8538,,TN87H1942,41030,49568,8538,,8538,0
TN87H1946,46977,52588,5611,,TN87H1946,46977,52588,5611,,5611,0
TN87H1956,37218,41445,4227,,TN87H1956,37218,41445,4227,,4227,0
TN87H1960,48963,56800,7837,,TN87H1960,48963,56800,7837,,7837,0
TN87H1962,53600,66253,12653,,TN87H1962,53600,66253,12653,,12653,0
TN87H1964,41024,44570,3546,,TN87H1964,41024,44570,3546,,3546,0
TN87H1971,70717,77951,7234,,TN87H1971,70717,77951,7234,,7234,0
TN87H1975,121004,132802,11798,,TN87H1975,121004,132802,11798,,11798,0
TN87H1989,25719,28860,3141,,TN87H1989,25719,28860,3141,,3141,0
TN87H1996,67590,73452,5862,,TN87H1996,67590,73452,5862,,5862,0
TN87H2004,72564,80446,7882,,TN87H2004,72564,80446,7882,,7882,0
TN87H2018,79597,88198,8601,,TN87H2018,79597,88198,8601,,8601,0
TN87H2058,62512,67955,5443,,TN87H2058,62512,67955,5443,,5443,0
TN87H2059,48160,51500,3340,,TN87H2059,48160,51500,3340,,3340,0
TN87H2061,81317,84316,2999,,TN87H2061,81317,84316,2999,,2999,0
TN87H2065,32563,35348,2785,,TN87H2065,32563,35348,2785,,2785,0
TN87H2067,69970,78666,8696,,TN87H2067,69970,78666,8696,,8696,0
TN87H2075,88391,97409,9018,,TN87H2075,88391,97409,9018,,9018,0
TN87H2083,146739,160642,13903,,TN87H2083,146739,160642,13903,,13903,0
TN87H2088,50945,58439,7494,,TN87H2088,50945,58439,7494,,7494,0
TN87H2089,40720,46228,5508,,TN87H2089,40720,46228,5508,,5508,0
TN87H2091,57792,64577,6785,,TN87H2091,57792,64577,6785,,6785,0
TN87H2151,79878,89683,9805,,TN87H2151,79878,89683,9805,,9805,0
TN87H2191,64763,71794,7031,,TN87H2191,64763,71794,7031,,7031,0
TN87H5485,283381,286246,2865,,TN87H5485,283381,286246,2865,,2865,0
TN87H6859,65697,66368,671,,TN87H6859,65697,66368,671,,671,0
Vendors Bus,,,0,,,,,,,,
Grand Total,0,563105,1798441,,,,,,,,
